StartDate,EndDate,Q4,Q12_1,Q12_2,Q12_3,Q12_4,Q12_5,Q12_6,Q12_7,Q12_8,Q12_9,Q12_10,ConfRfor,Q33_1,Q33_2,Q33_3,Q33_4,Q33_5,Q33_6,Q33_7,Q33_8,Q33_9,Q33_10,ConfRag,MoreInfoPro_1,MoreInfCon_1,Int_100_ave,Att_Ave,SN_Ave,PC_Ave,MacroReasoning_3_items_standardized_Ave,SN_general_Ave,SN_work_Ave,ProReas,ConReas,CounterThePros,CounterTheCons,ProReasFilledw0,ConReasFilledw0,CountertheProsFilledw0,CountertheConsFilledw0,ProFilledw0_minus_conFilledw0,CounterCons_minus_CounterPros
10/27/21 12:57,10/27/21 13:03,always adhere to every CDC Covid-19 recommendation at work,it keeps me safe,I can stop from bringing something home to my kids,It is the right thing to do, , , , , , , ,3, , , , , , , , , , ,4,0, ,66.33333333,5,3.285714286,4.666666667,-0.084335037,4.333333333,2.5,7, ,0, ,7,0,0,0,7,0
10/27/21 13:09,10/27/21 13:18,always adhere to every CDC Covid-19 recommendation at work,required by job, , , , , , , , , ,4,masks are annoying,masks don't help,too much disinfectant creates weak immune systems,too much disinfectant makes stronger germs, , , , , , ,4,0,10,64,5,4.285714286,4.333333333,-2.13665636,4,4.5,4,12, ,1,4,12,0,1,-8,1
10/27/21 23:01,10/27/21 23:17,always adhere to every CDC Covid-19 recommendation at work,So I don't get sick.,I don't want to make anyone else sick,Because it's the smart thing to do,Because I don't want to die from complications of covid 19, , , , , , ,4, , , , , , , , , , , ,0, ,69,5,5,4.666666667,0.747679745,5,5,16, , , ,16,0,0,0,16,0
10/28/21 16:30,10/28/21 16:36,always adhere to every CDC Covid-19 recommendation at work,saves other's life by preventing spread,save my life,added benefit of preventing common illness like cold, , , , , , , ,4, , , , , , , , , , ,4,0, ,69,5,5,5,0.747679745,5,5,10, , , ,10,0,0,0,10,0
10/27/21 12:45,10/27/21 12:51,always adhere to every CDC Covid-19 recommendation at work,to prevent the spread of COVID-19,to kept myself protected from COVID-19, , , , , , , , ,3, , , , , , , , , , ,3,0, ,62,3.666666667,4,4.666666667,-0.084335037,4,4,5, , , ,5,0,0,0,5,0
10/28/21 22:14,10/28/21 23:15,always adhere to every CDC Covid-19 recommendation at work,to keep me safe,to keep my co workers safe,to follow prtocool,to not stand out and be a pain, , , , , , ,4,it is uncomfortable, , , , , , , , , ,4,26,10,63,5,5,4.333333333,0.547650658,5,5,10,0,0, ,10,0,0,0,10,0
10/28/21 8:37,10/28/21 8:55,always adhere to every CDC Covid-19 recommendation at work,Protect myself from infection,Protect my family from infection, Protect others from infection,Not cause unnecessary issues at work,Set an example for others as I am in a leadership position, , , , , ,4,Overkill in prevention,"Others don't follow procedure, limiting effectiveness of me complying",Change in habits,Uncomfortable,Inconvenient, , , , , ,3,5,63,65,4.333333333,3.857142857,4,0.223787269,3.666666667,4,15,9,1,8,15,9,1,8,6,7
10/28/21 9:56,10/28/21 10:16,always adhere to every CDC Covid-19 recommendation at work,To not spread COVID,To avoid catching COVID,Safety,Keeping my job,Respect for others, , , , , ,3,I can not perform my job 6 feet away from others, , , , , , , , , ,4,0,0,65,4.333333333,3.428571429,4,-1.720857104,2.666666667,4,17,4,4, ,17,4,4,0,13,-4
10/27/21 15:20,10/27/21 15:32,always adhere to every CDC Covid-19 recommendation at work,to prevent from getting sick,to avoid getting others sick,to avoid getting my family sick,to be able to continue to work,so I do not have to quarantine, , , , , ,3,time consuming,costly,annoying,makes me tired,over it, , , , , ,3,0,0,54.66666667,4,4,3,-0.472626795,4,4,20,14,4, ,20,14,4,0,6,-4
10/28/21 18:00,10/28/21 18:14,always adhere to every CDC Covid-19 recommendation at work,protect myself,protect others,helps guard against other diseases/viruses, , , , , , , ,3,too busy,too much of a hassle,not enough time,not sure about validity of vaccines, , , , , , ,4,22,60,56.66666667,3.333333333,3.714285714,3.333333333,-0.472626795,4,3.5,9,13,1,7,9,13,1,7,-4,6
10/27/21 22:20,10/27/21 22:33,always adhere to every CDC Covid-19 recommendation at work,to help keep other family members safe when I am around them and not bringing something home from work,to keep the students around me safe if I happen to be asymptomatic,can't afford to take time off from work if I get sick, , , , , , , ,3,mask makes it hard to breathe,sometimes am not in an area where I can wash hands frequently, , , , , , , , ,4,1,0,50.33333333,4.333333333,3.142857143,2.666666667,0.547650658,3.333333333,3,7,3,0, ,7,3,0,0,4,0
10/27/21 15:11,10/27/21 15:35,always adhere to every CDC Covid-19 recommendation at work,Curbing the spread of covid at work.,Maintaining proper hygiene.,"Consideration for others, their well being, and general safety.",It is the morally responsible thing to do.,The CDC recommendations generally make a safer workplace., , , , , ,4,Long hours with a mask becomes annoying.,Some workloads don't allow for washing hands in between.,There are tasks that social distancing won't allow.,Some people are constantly being tested before going the workplace and don't want to use protective equipment., , , , , , ,3,18,29,69,4.666666667,4.714285714,4,0.223787269,4.333333333,5,16,13,1,0,16,13,1,0,3,-1
11/1/21 8:48,11/1/21 9:08,always adhere to every CDC Covid-19 recommendation at work,Job security,Conscientiousness,General sanitation,Community spread, , , , , , ,2,Inconvenient,Unnecessary,Low risk,Low mortality rate,Mental health issues,Lack of closeness, , , , ,3,6,10,62,3.333333333,4.571428571,3,-0.672655882,5,4.25,8,11,2,4,8,11,2,4,-3,2
10/27/21 15:06,10/27/21 16:10,always adhere to every CDC Covid-19 recommendation at work,To keep myself healthy,To not get others sick,To obey the rules set my employer,To help stop the Covid spread, , , , , , ,3,To be closer to coworkers,To hear better,To collaborate well, , , , , , , ,3,0,0,41.66666667,3.666666667,4,2.333333333,-0.084335037,4,4,11,3,1,5,11,3,1,5,8,4
10/27/21 20:30,10/27/21 21:14,always adhere to every CDC Covid-19 recommendation at work,To no contract then spread it to an immune-compromised family member.,To also not contract and spread it to others.,"To not be sick, so I'll able to perform my job more effectively.","So I do not get sick, hurting my health whether mild or severe.",To set an example for others and contribute to social-awareness of the guidelines..,"Because it's my job to follow the Covid-19 guidelines, with little to no consequence when weighed with the risk of contracting the disease.",To show empathy.,"To help get the world back on track, hopefully contributing to an eventual 'herd'-immunity.",To show respect.,To show I am not above anyone else.,4,It can become very tedious.,"I may not contribute much in the long-run, especially if others are not following the guideline.",The disease may get so much worse at an accelerated rate that current safe-measures may eventually be irrelevant.,The time and money that are taken for proper-measures could be time and money spent on work instead.,The vaccines may eventually do little because of the resistance of the virus.,The vaccines may also be discovered to have very bad side-effects that outweigh the side-effects of Covid-19 and 'long-haul' Covid., , , , ,2,23,35,55.66666667,4.666666667,4.428571429,2.333333333,0.747679745,4,4.75,26,7,3,14,26,7,3,14,19,11
10/29/21 11:10,10/29/21 11:50,always adhere to every CDC Covid-19 recommendation at work,Most are basic sanitary rules that were already followed and expected by many people before these guidelines existed.,Makes people regardless of effectiveness feel comfortable.,Can help slow or prevent the spread of disease.,Helps everything continue to run smoothly., , , , , , ,3,"Extra work that is not necessary such as cleaning surfaces after immediate use, since there is no data deeming this necessary.",Makes the environment uncomfortable by always having to wear a mask while working.,Makes it hard to hear and deal with customers because of distance and speaking through mask., , , , , , , ,3,0,0,56.33333333,2.333333333,3.142857143,4,-0.796490184,2.666666667,3.5,10,6,5,1,10,6,5,1,4,-4
10/27/21 13:36,10/27/21 13:49,always adhere to every CDC Covid-19 recommendation at work,It will keep others safe,It will keep you safe,normal america, , , , , , , ,3,Because I dont feel this mandate is okay,What is even in the vaccine,Destroyed america, , , , , , , ,3,100,80,35,3,2.571428571,5,-1.736598186,2,3,6,9,6,5,6,9,6,5,-3,-1
10/29/21 21:02,10/29/21 21:10,always adhere to every CDC Covid-19 recommendation at work,to stay healthy,to stop the spread,to not risk getting other people sick, , , , , , , ,3,annoying,not 100 percent effective, , , , , , , , ,3,17,8,21.66666667,3.333333333,4,3,-0.084335037,4,4,12,2, , ,12,2,0,0,10,0
10/27/21 12:28,10/27/21 12:41,always adhere to every CDC Covid-19 recommendation at work,general health,cleanliness,safety for self,safety for others,sanitary, , , , , ,4,time consuming,against vaccines, , , , , , , , ,2,29,50,41.66666667,5,3.571428571,2.333333333,-0.084335037,4,3.25,16,1,0,1,16,1,0,1,15,1
10/27/21 12:33,10/27/21 12:48,always adhere to every CDC Covid-19 recommendation at work,"So ""stop the spread""","""Flatten the Curve""",Avoid another shut down,Avoid a fine, , , , , , ,3,They make no sense sometimes,Limits freedom, , , , , , , , ,4,10,8,17.33333333,3,2.857142857,3,-1.10461249,2.666666667,3,12,8,15,8,12,8,15,8,4,-7
10/31/21 19:43,10/31/21 20:58,always adhere to every CDC Covid-19 recommendation at work,Safety among peers,Good habit forming,Less transmission, , , , , , , ,3,Time consuming,Labor intensive,Less human feel, , , , , , , ,3,70,60,41.66666667,3.666666667,3.714285714,2.666666667,-0.580720014,3.666666667,3.75,10,9,5,3,10,9,5,3,1,-2
10/27/21 14:10,10/27/21 14:25,always adhere to every CDC Covid-19 recommendation at work,So people don't get angry with me,So I don't get other people sick,So I don't get sick, , , , , , , ,4,"The more you comply, the more rules they make up",I don't believe they are necessary so its a waste of my time, , , , , , , , ,4,0,0,14,1.666666667,3.142857143,2,-2.460519749,3.333333333,3,2,7,4,0,2,7,4,0,-5,-4
10/27/21 12:27,10/27/21 12:40,always adhere to every CDC Covid-19 recommendation at work,Personal health and safety,Safety of other people, , , , , , , , ,4,Difficult to be heard or understood on phone,Personal discomfort or inconvenience, , , , , , , , ,4,0,0,26.66666667,3,3.142857143,2,-1.10461249,3.333333333,3,6,6,2,1,6,6,2,1,0,-1
10/27/21 20:20,10/27/21 20:41,always adhere to every CDC Covid-19 recommendation at work,to keep job,to keep yourself healthy,to keep coworkers healthy,to keep customers healthy, , , , , , ,3,takes time,uncomfortable, , , , , , , , ,3,18,22,58.33333333,1,4,2.333333333,-0.084335037,4,4,12,3,1,5,12,3,1,5,9,4
10/29/21 2:24,10/29/21 2:34,always adhere to every CDC Covid-19 recommendation at work,Prevent spread of virus,Ensure a clean work environment,Minimize sick days, , , , , , , ,4, , , , , , , , , , , ,15, ,48.66666667,4.666666667,4.714285714,3.666666667,-0.084335037,4.666666667,4.75,5, ,1, ,5,0,1,0,5,-1
10/27/21 14:10,10/27/21 14:22,always adhere to every CDC Covid-19 recommendation at work,To help prevent spreading any illnesses to my parents., , , , , , , , , ,4,My cube has tall walls so while there are a decent number of people in my area I'm not worried about any of them breathing on me., , , , , , , , , ,4,0,0,34.66666667,3.333333333,3,3.666666667,0.747679745,3.333333333,2.75,4,4,1,1,4,4,1,1,0,0
10/27/21 14:26,10/27/21 14:49,always adhere to every CDC Covid-19 recommendation at work,Avoid Illness,Avoid spreading illness,social approval,Following sound medical advice,Obey employer,Abundance of caution, , , , ,4,Inconvenience,Unconcern,Recommendations are excessive, , , , , , , ,3,0,0,51.66666667,4,2.857142857,3.333333333,-0.084335037,3.333333333,2.5,15,3,10,8,15,3,10,8,12,-2
10/27/21 13:22,10/27/21 13:45,always adhere to every CDC Covid-19 recommendation at work,Not spreading germs,To follow the CDC's recommendation,To keep from getting sick,To avoid hassle,To avoid judgement,To be caring,To be considerate,To avoid conflict,To do what I want,To hide my face,4,To be independant,To have freedom,To disobey,To be rebellious, , , , , , ,4,5,87,65.33333333,4.666666667,2.714285714,5,0.747679745,1.666666667,3.5,38,5,3,10,38,5,3,10,33,7
10/30/21 9:48,10/30/21 11:13,always adhere to every CDC Covid-19 recommendation at work,To keep safe from germs,To keep others safe from germs,To avoid judgement,To fit in,To feel accepted,To follow regulation,To avoid loss of job,To avoid customer disapproval, , ,4,You forget.,Screw the system.,To have freedom,To avoid judgement,To rebel,To be independent,Because it's not a real virus, , , ,4,3,100,64.66666667,5,2.857142857,5,0.547650658,1,4.25,26,2,1,19,26,2,1,19,24,18
10/27/21 12:26,10/27/21 12:55,always adhere to every CDC Covid-19 recommendation at work,It keeps everyone healthier,It keeps illnesses away from my family,It provides a sense of security at work,It helps people feel welcomed,It provides a sense of unity,It reduces sick days,It prevents the spread of viruses other than Covid-19, , , ,4,It is tedious,Some people feel it infringes on their freedoms,It causes a change in preferred routine, , , , , , , ,3,10,20,62,5,4,4,-0.084335037,4,4,17,3,1,6,17,3,1,6,14,5
10/27/21 12:36,10/27/21 12:57,always adhere to every CDC Covid-19 recommendation at work,safety for myself,safety for co-workers,courtesy,general social good, , , , , , ,4,sometimes the rules are overly cautious,sometimes rules are onerous,6ft. rule sometimes difficult in real life,everyone in office is vaxxed, , , , , , ,3,15,20,46,4.666666667,4.285714286,3,-0.084335037,4,4.5,13,6,6,10,13,6,6,10,7,4
10/27/21 12:45,10/27/21 12:56,always adhere to every CDC Covid-19 recommendation at work,To Steer Clear of Covid-19,Risk Spreading,Protect myself and others,Keep myself healthy, , , , , , ,4,I see these people more than my family, , , , , , , , , ,4,43,3,2.333333333,3.666666667,3,4,-0.580720014,1.666666667,4,16,4,3,3,16,4,3,3,12,0
10/31/21 15:51,10/31/21 16:08,always adhere to every CDC Covid-19 recommendation at work,Protect myself,Protect my loved ones,Protect others from covid, , , , , , , ,4,Don’t have the time,Others are not adhering, , , , , , , , ,3,33,35,50.66666667,4,3.428571429,3.333333333,-0.084335037,4,3,9,4,2,4,9,4,2,4,5,2
10/27/21 16:07,10/27/21 16:26,always adhere to every CDC Covid-19 recommendation at work,keeping myself from spreading COVID,Keeping myself from catching COVID,Avoiding penalties from my workplace for not adhering, , , , , , , ,4,"Convenience, not having to always think about the rules","My workspace is very rarely visited by others, so some rules like disinfecting frequently isn't as important", , , , , , , , ,3,0,20,56.66666667,4.333333333,4.428571429,5,-0.084335037,4.333333333,4.5,9,4,4,5,9,4,4,5,5,1
10/27/21 12:21,10/27/21 12:37,always adhere to every CDC Covid-19 recommendation at work,keep myself safe,keep my coworkers safe,ensure I and other employees are healthy and can do the jobs we are paid to do,ensure continual service to customers, , , , , , ,4,time spent to meet recommendations take time away from working,it's difficult to be comfortable wearing a mask,it's harder to communicate effectively wearing a mask,it would be difficult if not impossible to have in person meetings in conference rooms and maintain distance, , , , , , ,4,0,0,58.66666667,5,5,3.666666667,0.547650658,5,5,13,0,1,0,13,0,1,0,13,-1
10/28/21 13:56,10/28/21 14:10,always adhere to every CDC Covid-19 recommendation at work,keep myself safe,keep others safe, , , , , , , , ,4, , , , , , , , , , , ,0, ,62,5,4.428571429,4,0.747679745,4.333333333,4.5,8, ,1, ,8,0,1,0,8,-1
10/28/21 0:07,10/28/21 0:21,always adhere to every CDC Covid-19 recommendation at work,It helps prevent you from getting COVID.,It helps prevents others from getting COVID (Customers and fellow employees).,It is just good practice since it will also help prevent other transmissible diseases.,Doing so shows respect and concerns for yourself and those around you., , , , , , ,4,It is very time consuming to do so.,"We may not have the resources to do everything properly, such as disinfecting all surfaces.","In some settings, it is unreasonable or impossible to maintain a 6 foot distance from each other consistently.",Not everyone can get vaccinated., , , , , , ,4,25,60,58.66666667,5,4,2.666666667,0.747679745,4,4,11,9,2,2,11,9,2,2,2,0
10/27/21 17:19,10/27/21 17:39,always adhere to every CDC Covid-19 recommendation at work,For the safety of coworkers.,For the safety of my patients,Because we'd be punished if we did not.,It is our company's/hospital's rule (to follow).,For my own protection., , , , , ,4,The masks make breathing difficult,Physically not able to distance ourselves,Our work requires a hands-on approach, , , , , , , ,4,10,0,47,1.333333333,4.571428571,1,-0.780749101,5,4.25,15,10,1,1,15,10,1,1,5,0
10/27/21 21:04,10/27/21 21:27,always adhere to every CDC Covid-19 recommendation at work,"To protect others, especially my family",To protect myself,To show others that I care about their well being,So that I do not miss work time/pay bills, , , , , , ,4,Some are annoying/hate wearing mask,The safety 'police' at work get on my nerves, , , , , , , , ,3,0,0,65.33333333,4.666666667,3.857142857,3,0.747679745,4,3.75,13,1,0,5,13,1,0,5,12,5
10/27/21 15:52,10/27/21 16:16,always adhere to every CDC Covid-19 recommendation at work,To stay healthy,To protect my unvaccinated kids,To protect the society,To show example as a good citizen., , , , , , ,4,It is inconvenient,Some people judge me for that,It is a hassle, , , , , , , ,3,10,25,65.33333333,5,5,3,0.747679745,5,5,14,3,5,11,14,3,5,11,11,6
11/1/21 9:54,11/1/21 10:03,always adhere to every CDC Covid-19 recommendation at work,stay healthy,not get sick, , , , , , , , ,4,none, , , , , , , , , ,4,9,52,69,5,4,5,0.547650658,4,4,8,2, ,2,8,2,0,2,6,2
10/27/21 18:44,10/27/21 19:00,always adhere to every CDC Covid-19 recommendation at work,to prevent getting sick,to not get others sick,to prevent the spread of the virus, , , , , , , ,3, , , , , , , , , , ,4,64, ,67.66666667,5,4.571428571,3.333333333,0.747679745,4,5,12, ,0, ,12,0,0,0,12,0
10/27/21 13:10,10/27/21 13:20,always adhere to every CDC Covid-19 recommendation at work,Avoid contacting covid,To help protect coworkers,To protect against infecting family members, , , , , , , ,4, , , , , , , , , , ,4,3, ,69,5,4,5,0.747679745,5,3.25,11, , , ,11,0,0,0,11,0
10/27/21 13:19,10/27/21 13:24,always adhere to every CDC Covid-19 recommendation at work,I want to protect myself from Covid 19.,I want to protect others from Covid 19., , , , , , , , ,4, , , , , , , , , , , ,1, ,69,4,5,4,0.747679745,5,5,8, , , ,8,0,0,0,8,0
10/29/21 2:36,10/29/21 2:46,always adhere to every CDC Covid-19 recommendation at work,Handling often used cash,Being face to face with hundreds of customers,Protecting myself from others,Not infecting others,Not getting infected from handling products,Reassure customers that they're safe,Following HR's guidelines,Appear presentable to other staff, , ,3,Annoying to wear a mask,Extra costs of buying disinfectants, , , , , , , , ,2,0,0,65.66666667,5,4.142857143,4.333333333,0.439557439,3.666666667,4.5,19,3,4,3,19,3,4,3,16,-1
10/29/21 20:07,10/29/21 20:24,always adhere to every CDC Covid-19 recommendation at work,Stay safe,Avoid getting others sick,Avoid being judged by others,Avoid possibly breaking any laws or mandates, , , , , , ,3,Able to breathe more easily,Difficult to make enough space between people at work, , , , , , , , ,3,0,0,5.333333333,4.333333333,2.571428571,1,-1.628504966,3.333333333,2,5,6,3,0,5,6,3,0,-1,-3
10/27/21 17:35,10/27/21 17:48,always adhere to every CDC Covid-19 recommendation at work,helping to prevent the spread of Covid-19,ensuring that my family stays healthy,protecting people I do not know but could come into contact with long enough to transmit, , , , , , , ,4,time consuming,wearing a mask is uncomfortable, , , , , , , , ,4,10,40,62,5,3.142857143,3.333333333,0.747679745,4.333333333,2.25,12,4,0, ,12,4,0,0,8,0
10/27/21 16:15,10/27/21 16:24,always adhere to every CDC Covid-19 recommendation at work,To protect yourself from Covid-19,To protect others from Covid-19, , , , , , , , ,3,none, , , , , , , , , ,3,10,0,65.33333333,4.666666667,4.142857143,4,0.747679745,4,4.25,6,0, , ,6,0,0,0,6,0
11/1/21 12:15,11/1/21 12:25,always adhere to every CDC Covid-19 recommendation at work,So that I don't get sick,Because it is good hygene practices, , , , , , , , ,3,Because some of it isn't necessary,Because there is a lot to do,Because I'm not going to be forced to take a vaccine, , , , , , , ,3,0,0,31,2.666666667,1.428571429,2.666666667,-1.812792971,2,1,6,10,2,1,6,10,2,1,-4,-1
10/27/21 12:36,10/27/21 12:51,always adhere to every CDC Covid-19 recommendation at work,follow guidelines,mitigate risk,make others feel comfortable, , , , , , , ,3,hard to breathe,do not trust these procedures work,inconvenient, , , , , , , ,3,71,70,58.33333333,3.666666667,2.857142857,2,-1.10461249,2.666666667,3,9,5,2,6,9,5,2,6,4,4
10/27/21 12:46,10/27/21 12:53,always adhere to every CDC Covid-19 recommendation at work,to protect myself,to protect others,to comply, , , , , , , ,4,It is a hassle,sometimes it feels extreme,i miss the norm, , , , , , , ,4,0,0,57.33333333,5,4.142857143,5,-1.504670665,3,5,4,9,2,1,4,9,2,1,-5,-1
10/27/21 12:46,10/27/21 13:01,always adhere to every CDC Covid-19 recommendation at work,My safety,Others safety,Rules highly enforced,Avoid fines, , , , , , ,4,Not enforced,Not worried about safety,Rules are counterproductive,Senseless rules,Hypocritical rules, , , , , ,4,1,0,17.33333333,2.333333333,2.142857143,1,-0.472626795,2.333333333,2,11,15,0,0,11,15,0,0,-4,0
10/27/21 14:32,10/27/21 14:40,always adhere to every CDC Covid-19 recommendation at work,protect myself,protect others,protect my family at home, , , , , , , ,4,takes a lot of effort,takes a lot of time, , , , , , , , ,3,0,20,65.33333333,5,4.142857143,2,0.423816357,4.666666667,3.75,10,3, ,8,10,3,0,8,7,8
10/27/21 13:01,10/27/21 13:11,always adhere to every CDC Covid-19 recommendation at work,Stay germ free,Keep from getting sick,Keep from spreading germs to others, , , , , , , ,4, , , , , , , , , , ,4,0, ,53.66666667,4,4.571428571,3,0.547650658,4,5,11, ,2, ,11,0,2,0,11,-2
10/27/21 18:58,10/27/21 19:14,always adhere to every CDC Covid-19 recommendation at work,Prevent spread of covid, , , , , , , , , ,3,Impedes work flow,Makes people uncomfortable,Cost more money, , , , , , , ,3,100,28,61,4.666666667,3.714285714,2,-1.412734797,2.666666667,4.5,3,6,2,4,3,6,2,4,-3,2
10/27/21 12:27,10/27/21 12:37,always adhere to every CDC Covid-19 recommendation at work,to not spread covid to at risk persons., , , , , , , , , ,4, , , , , , , , , , ,4,0, ,69,5,5,5,0.747679745,5,5,4, , , ,4,0,0,0,4,0
10/28/21 12:07,10/28/21 12:19,always adhere to every CDC Covid-19 recommendation at work,I want to keep myself and the people around me safe, , , , , , , , , ,4, , , , , , , , , , , ,3, ,69,5,4.285714286,5,0.747679745,5,3.75,4, , , ,4,0,0,0,4,0
10/29/21 19:49,10/29/21 20:02,always adhere to every CDC Covid-19 recommendation at work,keeping my job, , , , , , , , , , ,laziness,forgetfulness,"being ""over"" COVID", , , , , , , ,4,0,0,68.66666667,3,3.857142857,3,0.747679745,5,3,4,7, ,3,4,7,0,3,-3,3
10/27/21 13:54,10/27/21 13:59,always adhere to every CDC Covid-19 recommendation at work,protocol,cdc recommendations,my health,my family,friends, , , , , ,3, , , , , , , , , , ,2,55, ,62.66666667,4.333333333,4.571428571,4.333333333,-1.196548358,4.666666667,4.5,15, ,3, ,15,0,3,0,15,-3
11/1/21 7:55,11/1/21 8:12,always adhere to every CDC Covid-19 recommendation at work,Do not want to get sick,Do not want to get others sick,Want to end this pandemic,Believe in science, , , , , , ,4,Forget rules/get absentminded,Sick of following rules,Tired of the pandemic lasting this long,Complacency as I am vaccinated, , , , , , ,4,0,10,65.66666667,5,5,4,0.747679745,5,5,14,6,2,9,14,6,2,9,8,7
10/27/21 14:20,10/27/21 14:54,always adhere to every CDC Covid-19 recommendation at work,To protect myself.,To protect others at work.,"To create a safe environment so work can continue, without closing.",To protect my family.,To try and stop/reduce the spread of this virus., , , , , ,4,"Sometimes impossible with deliveries, and having to be close to the drivers. (within 2 feet)","Can't leave my work station to go to a sink faucet  when people are coming, and going. (I'm security)","Sometimes get to busy with work, and feel I have to put that first, and sometimes precautions end up taking a back seat.", , , , , , , ,4,0,0,58.66666667,5,4.428571429,2.666666667,-0.068593955,4.666666667,4.25,17,5,1,9,17,5,1,9,12,8
10/27/21 21:38,10/27/21 21:56,always adhere to every CDC Covid-19 recommendation at work,to stay healthy,to prevent transmission of COVID to others,to model good behavior,to be responsible member of commiunity, , , , , , ,4,it can be difficult to not touch face/mask,hard to communicate effectively, , , , , , , , ,1,0,8,24.33333333,5,4.571428571,3.333333333,0.747679745,5,4.25,13,2,4,3,13,2,4,3,11,-1
10/28/21 0:37,10/28/21 1:03,always adhere to every CDC Covid-19 recommendation at work,To keep myself safe.,To keep others safe.,To keep the families of others safe.,To do the right thing., , , , , , ,4, , , , , , , , , , ,1,10, ,64,5,5,5,0.747679745,5,5,16, ,2, ,16,0,2,0,16,-2
10/27/21 15:02,10/27/21 15:14,always adhere to every CDC Covid-19 recommendation at work,stay healthy,not to transmit to others, , , , , , , , ,4,convenience,comfort,social pressure, , , , , , , ,3,3,7,17.66666667,5,2.571428571,3,-0.456885713,3.333333333,2,7,7,0,3,7,7,0,3,0,3
10/27/21 12:20,10/27/21 12:44,always adhere to every CDC Covid-19 recommendation at work,Could help reduce spread of covid, , , , , , , , , ,4,Some of the reasons do not help reduce spread,"These measures should be optional, particularly since covid is not a big enough threat to warrant all the behavior","Many people are now vaccinated and can chose to get vaccinated, this is another reason they should be optional",These rules negatively impact human interaction and negatively impact the mental health of many, , , , , , ,4,0,20,2.666666667,2,2.142857143,2,-2.768642056,3.666666667,1,0,15,0,3,0,15,0,3,-15,3
10/28/21 13:04,10/28/21 13:15,always adhere to every CDC Covid-19 recommendation at work,keep myself healthy,keep others healthy,shorten the length of the pandemic,it is moral to obey people in authority, , , , , , ,4,freedom to make my own choice,religious reasons,fear and anxiety, , , , , , , ,4,5,2,65.66666667,5,5,4,0.747679745,5,5,16,1,0,1,16,1,0,1,15,1
10/31/21 17:32,10/31/21 17:48,always adhere to every CDC Covid-19 recommendation at work,My own personal safety,The safety of of others around me,To stop the spread of Covid-19,It is the morally correct thing to do, , , , , , ,4,Inconvenient,Difficulty breathing when wearing a mask,My glasses fog up when wearing a mask,Cost of PPE, , , , , , ,3,20,8,64.33333333,5,4.714285714,4.333333333,0.239528352,5,4.5,16,4, ,4,16,4,0,4,12,4
10/27/21 12:33,10/27/21 12:42,always adhere to every CDC Covid-19 recommendation at work,To stay safe,Because I know the CDC has done their research, , , , , , , , ,4, , , , , , , , , , ,4,0, ,60.66666667,5,4,4.333333333,0.747679745,5,3.25,7, ,1, ,7,0,1,0,7,-1
10/27/21 19:53,10/27/21 20:05,always adhere to every CDC Covid-19 recommendation at work,Carefull,Attention,Secure,Protection, , , , , , ,4,Careless,Misuse,Lazy, , , , , , , ,4,76,69,58,4,4.428571429,4.333333333,-0.752825333,4.333333333,4.5,13,9,13,10,13,9,13,10,4,-3
10/27/21 12:48,10/27/21 12:55,always adhere to every CDC Covid-19 recommendation at work,To avoid spreading COVID-19, , , , , , , , , ,4,Masks are uncomfortable, , , , , , , , , ,3,12,20,59.66666667,4.333333333,4.285714286,3.333333333,0.239528352,4,4.5,3,1, ,2,3,1,0,2,2,2
10/27/21 21:06,10/27/21 21:21,always adhere to every CDC Covid-19 recommendation at work,keep myself and others safe and healthy,prevent spreading germs,do my part to flatten the curve, , , , , , , ,4,time, , , , , , , , , ,2,10,0,65.66666667,5,4.857142857,4.333333333,0.439557439,4.666666667,5,12,1,0,4,12,1,0,4,11,4
10/27/21 12:35,10/27/21 12:46,always adhere to every CDC Covid-19 recommendation at work,to not get sick,to not spread sickness, , , , , , , , ,2,to not get fired,to not get dirty looks, , , , , , , , ,2,55,33,59,4,4,3.666666667,-1.10461249,4,4,3,2, , ,3,2,0,0,1,0
10/27/21 21:57,10/27/21 22:04,always adhere to every CDC Covid-19 recommendation at work,keep me healthy,keep my coworkers healthy, , , , , , , , ,4, , , , , , , , , , , ,0, ,68.66666667,1,5,3,0.747679745,5,5,8, , , ,8,0,0,0,8,0
10/27/21 13:40,10/27/21 13:47,always adhere to every CDC Covid-19 recommendation at work,It is the right thing to do.,It is the legal thing to do.,I do not want to get COVID myself.,I do not want to bring COVID home to my family, , , , , , ,4,It is costly.,They are burdensome.,I am already vaccinated.,People may think less of me., , , , , , ,3,0,17,69,5,4.714285714,3.333333333,0.747679745,4.666666667,4.75,14,2,0,2,14,2,0,2,12,2
10/27/21 12:38,10/27/21 13:26,always adhere to every CDC Covid-19 recommendation at work,Because I am concerned about catching Covid.,I am concerned about spreading Covid to others.,It is effortless.,It is the right thing to do.,There is no reason NOT to adhere to the recommendations.,I want to be a responsible member of my community., , , , ,4, , , , , , , , , , ,4,3, ,69,5,3.857142857,5,0.747679745,5,3,22, ,0, ,22,0,0,0,22,0
10/27/21 13:58,10/27/21 14:10,always adhere to every CDC Covid-19 recommendation at work,Public health,Personal health, , , , , , , , ,4,Doesn't allow natural immune response,Hard to breathe under masks worn for hours,"Possibility to over sterilize, making a breeding ground for resistant future viruses",Discomfort,Not being able to see facial expressions.,Feeling isolated from others, , , , ,4,0,0,14,2.333333333,1.714285714,1.666666667,-2.956904726,2.666666667,1,2,20,6,0,2,20,6,0,-18,-6
10/27/21 20:22,10/27/21 20:43,always adhere to every CDC Covid-19 recommendation at work,Reduce risk of contracting Covid,Reduce risk of spreading Covid,General hygine,Being a responsible citizen, , , , , , ,4,Practicality,Comfort,Forgetfulness, , , , , , , ,4,29,20,55.66666667,4,4.142857143,4.333333333,0.547650658,3.666666667,4.5,9,6,9,4,9,6,9,4,3,-5
10/27/21 18:49,10/27/21 19:03,always adhere to every CDC Covid-19 recommendation at work,protect myself from covid,protect others from covid,prevent myself from getting the common cold,peer pressure, , , , , , ,4,uncomfortable,flawed thinking,laziness,save time,be a rebel, , , , , ,4,5,44,12.33333333,5,4.571428571,3.666666667,0.547650658,4,5,12,13,2,6,12,13,2,6,-1,4
10/28/21 8:14,10/28/21 8:28,always adhere to every CDC Covid-19 recommendation at work,everyone's safety,achieve herd immunity, , , , , , , , ,3, , , , , , , , , , ,4,11, ,63.66666667,4,4,3.333333333,0.11569405,4,4,6, ,1, ,6,0,1,0,6,-1
10/27/21 18:45,10/27/21 18:54,always adhere to every CDC Covid-19 recommendation at work,To keep other safe,To keep myself safe,It is the right thing to do, , , , , , , , ,none,none, , , , , , , , ,4,0,0,35.33333333,4,3.571428571,4,0.747679745,3,4,12,0,0, ,12,0,0,0,12,0
10/27/21 12:29,10/27/21 12:42,always adhere to every CDC Covid-19 recommendation at work,to avoid catching COVID, , , , , , , , , ,1,masks are uncomfortable,masks dont work,vaccine doesn't prevent infection,vaccine doesn't prevent death,vaccine doesn't prevent spreading infection to others,covid has no symptoms for the majority of people, , , , ,4,0,0,0.333333333,1,1,1,-2.956904726,1,1,0,23,0,0,0,23,0,0,-23,0
10/28/21 5:38,10/28/21 6:09,always adhere to every CDC Covid-19 recommendation at work,I am the oldest person in the building,I do not want to infect others if exposed,We are all respectful of each others' space & distance,"I do not touch objects; doorknobs, etc. so will always wipe those down","Face coverings are the most intelligent, yet small, steps to take", , , , , ,4,We do not wear face coverings at our own cubicle, , , , , , , , , ,2,0,25,65.66666667,5,4.285714286,4,0.747679745,4.666666667,4,16,2,0,2,16,2,0,2,14,2
10/27/21 13:18,10/27/21 13:29,always adhere to every CDC Covid-19 recommendation at work,so that I do not get others sick,so I can reduce my own chances of becoming ill,so that I fit in,so my employer is happy with me, , , , , , ,4,because I feel like the worst of Covid is over,because I am not sick,because I'm not afraid of getting Covid,because I don't want to be told what to do, , , , , , ,4,0,0,69,5,4.857142857,4.666666667,0.747679745,5,4.75,13,14,0,1,13,14,0,1,-1,1
10/28/21 8:35,10/28/21 8:57,always adhere to every CDC Covid-19 recommendation at work,Large amount of people,Cannot take more time off,Need to be on campus to actually do my job,Stop spreading the virus., , , , , , ,4, , , , , , , , , , ,4,0, ,55.66666667,5,5,5,0.747679745,5,5,16, ,1, ,16,0,1,0,16,-1
10/27/21 20:32,10/27/21 20:46,always adhere to every CDC Covid-19 recommendation at work,I refuse to get the shot.,I have yet to catch covid by following the original cdc guidelines.,people carry germs I would do it anyway., , , , , , , ,4,a large amount of our staff has had COVID.,I know the people that I'm less than 6ft away from., , , , , , , , ,3,0,0,62.66666667,4,4.285714286,3.333333333,0.747679745,5,3.75,12,6,0,1,12,6,0,1,6,1
10/27/21 21:40,10/27/21 21:53,always adhere to every CDC Covid-19 recommendation at work,Avoid getting sick,Avoid spreading Covid,Avoid transmitting Covid to others,Protect the vulnerable,Create a healthy environment, , , , , ,4,Can not force co workers to get a vaccine,Mask is bothersome,"Does not seem ""normal""",Interaction with others is distant, , , , , , ,4,10,10,62,4,3.571428571,4,-0.084335037,3.333333333,3.75,17,12, ,6,17,12,0,6,5,6
10/29/21 2:12,10/29/21 2:32,always adhere to every CDC Covid-19 recommendation at work,required,safety,sense of security,keep others safe,keep family safe, , , , , ,4,on a time constraint, , , , , , , , , ,4,89,45,62.33333333,4.666666667,4.714285714,3.333333333,0.547650658,5,4.5,19,1,1, ,19,1,1,0,18,-1
10/27/21 15:35,10/27/21 15:48,always adhere to every CDC Covid-19 recommendation at work,Avoid spreading Covid 19,Avoid contracting Covid 19,"Avoid other illnesses, like cold and flu",Maintain a healthy working environment, , , , , , ,4,Inconvenient,Masks are uncomfortable,Sometimes difficult in crowded office spaces,I've been vaccinated against Covid 19, , , , , , ,2,10,20,62,4,4.142857143,3,0.747679745,4,4.25,13,6, ,8,13,6,0,8,7,8
10/28/21 10:45,10/28/21 10:52,always adhere to every CDC Covid-19 recommendation at work,don't want to get covid again,don't want to give covid to anyone,i follow rules, , , , , , , ,4, , , , , , , , , , , ,0, ,69,5,5,5,0.747679745,5,5,11, , , ,11,0,0,0,11,0
10/27/21 21:41,10/27/21 22:14,always adhere to every CDC Covid-19 recommendation at work,keep myself healthy,keep my family healthy,keep my co-workers healthy,follow work requirements,set an example for others,have consistent habits to get me through Covid, , , , ,4,sometimes forget and accidently touch face,trust vaccinated co-workers when we are alone,"sometimes, people unexpectedly breach 6-foot distance",hard to wash hands as frequently as recommended,sometimes forget to pull up mask,sometimes it's hard to breathe with a mask on, , , , ,2,0,0,55,5,4.714285714,3,0.747679745,5,4.5,16,10,1,12,16,10,1,12,6,11
10/27/21 12:37,10/27/21 13:05,always adhere to every CDC Covid-19 recommendation at work,My health,The health of those around me,Stopping the spread of Covid in the long run,Work rules, , , , , , ,4,Hard to remember when I leave my office,Ths mask makes me light headed,The mask makes me hot,It is hard to distance in our workplace, , , , , , ,4,10,10,65.66666667,4,4.285714286,3,0.547650658,4,4.5,14,7,6,4,14,7,6,4,7,-2
10/27/21 14:19,10/27/21 14:27,always adhere to every CDC Covid-19 recommendation at work,to stay healthy,to keep from infecting my family,to keep from infecting others,for courteous reasons, , , , , , ,4, , , , , , , , , , ,4,10, ,69,5,5,5,0.747679745,5,5,16, , , ,16,0,0,0,16,0
10/27/21 12:24,10/27/21 12:54,always adhere to every CDC Covid-19 recommendation at work,I come into contact with many clients on a daily basis. These clients have contact with various people (vaccinated/unvaccinated/asymptomatic etc.),"Receiving packages from various locations, some areas high in covid cases", , , , , , , , ,4,If working in an office space with limited human contact,Virus cases decreasing so much that it's not a threat and low chance of contracting it, , , , , , , , ,4,9,2,69,1,4.857142857,2.333333333,0.747679745,5,4.75,5,6,3,0,5,6,3,0,-1,-3
10/27/21 12:57,10/27/21 15:24,always adhere to every CDC Covid-19 recommendation at work,reduce the spread of the Covid-19 virus,do not put yourself at risk,do not put others at risk,keep to policy to keep your job, , , , , , ,4,do what you believe in,do not risk your body because of the vaccine unknowns, , , , , , , , ,4,25,65,67.33333333,4.333333333,4.571428571,4.666666667,-0.272597708,4.333333333,4.75,14,4,5,3,14,4,5,3,10,-2
10/27/21 13:13,10/27/21 13:30,always adhere to every CDC Covid-19 recommendation at work,To protect myself and my health,To protect others health,to slow the spread, , , , , , , , ,Inconvience,annoyance with mask,forgettting,some parts of job dont allow, , , , , , ,3,10,8,56.33333333,4,4.428571429,3.333333333,-0.965037107,3.666666667,5,9,10,1,4,9,10,1,4,-1,3
10/28/21 8:00,10/28/21 8:10,always adhere to every CDC Covid-19 recommendation at work,Keep yourself from getting sick,Keep others safe from getting them sick if you are, , , , , , , , ,3,"""Its Fake""","Just a flu, its not that bad",None of those things work, , , , , , , ,1,0,100,68.66666667,5,4.714285714,4.333333333,0.747679745,4.333333333,5,8,0,0,7,8,0,0,7,8,7
11/1/21 9:59,11/1/21 10:58,always adhere to every CDC Covid-19 recommendation at work,For family,For friends, , , , , , , , ,4,Forget mask, , , , , , , , , ,4,0,51,43,4.333333333,3.142857143,4.333333333,-0.084335037,4,2.5,6,2, ,1,6,2,0,1,4,1
10/27/21 16:04,10/27/21 16:10,always adhere to every CDC Covid-19 recommendation at work,Because I don't wish to endanger anyone I work with during the ongoing pandemic, , , , , , , , , ,4, , , , , , , , , , , ,0, ,69,5,5,4,0.747679745,5,5,4, , , ,4,0,0,0,4,0
10/27/21 12:19,10/27/21 12:38,always adhere to every CDC Covid-19 recommendation at work,Safer from getting sick,Safer from getting others sick,Keep the virus from spreading,Gets us closer to ending the pandemic, , , , , , ,4,Masks are uncomfortable,I've already been vaccinated,Not enough time,Not sure it helps, , , , , , ,3,10,90,68.33333333,3.333333333,4.285714286,4,-0.084335037,4,4.5,12,4,4,4,12,4,4,4,8,0
10/27/21 17:49,10/27/21 17:59,always adhere to every CDC Covid-19 recommendation at work,To keep myself safe,To keep others safe,To set a good example, , , , , , , ,4,They are inconvenient, , , , , , , , , ,4,0,0,62,5,4.571428571,4.666666667,0.239528352,4.666666667,4.5,10,2,0,3,10,2,0,3,8,3
10/27/21 13:29,10/27/21 13:54,always adhere to every CDC Covid-19 recommendation at work,protect others,protect myself,encourage safety, , , , , , , ,4,difficult to work quickly,risk may be very low, , , , , , , , ,4,4,54,56.33333333,5,5,3,0.239528352,5,5,11,4,1,7,11,4,1,7,7,6
10/27/21 13:35,10/27/21 14:13,always adhere to every CDC Covid-19 recommendation at work,Personal safety,Safety of coworkers,Show responsibility, , , , , , , ,4,Awkward,Uncomfortable,Time,Unnecessary, , , , , , ,4,0,0,51,4,2.857142857,3,-0.272597708,4,2,8,5,3,9,8,5,3,9,3,6
10/27/21 21:02,10/27/21 21:16,always adhere to every CDC Covid-19 recommendation at work,Maintain other workers healthy,Maintain myself healty,Maintain my students healthy,prevent spreading of covid, , , , , , ,4,I feel lazy sometimes,I don't think I might get infected., , , , , , , , ,3,15,80,66,5,5,3,0.747679745,5,5,15,3,2,3,15,3,2,3,12,1
10/27/21 13:02,10/27/21 13:23,always adhere to every CDC Covid-19 recommendation at work,To keep myself safe,To keep others safe,To keep myself alive,To keep others alive,To be an example for others, , , , , ,4,Medical reasons,Religious reasons, , , , , , , , ,4,1,2,64,5,5,4.666666667,0.359387988,5,5,15,2,0,3,15,2,0,3,13,3
10/27/21 13:33,10/27/21 13:49,always adhere to every CDC Covid-19 recommendation at work,It prevents me from contracting the disease,It protects others from getting the disease,It will help stem the tide of the pandemic,It's only fair that I follow the recommendations if others are also doing so, , , , , , ,4,It can waste time at work,The recommendations aren't effective,It's inconvenient, , , , , , , ,2,40,25,62,4.666666667,4.571428571,3,0.747679745,4,5,13,3,3,8,13,3,3,8,10,5
10/30/21 16:38,10/30/21 16:47,always adhere to every CDC Covid-19 recommendation at work,Safety,Avoid getting sick,Avoid getting others sick,caution,Taking others into consideration, , , , , ,4, , , , , , , , , , , ,0, ,69,5,4.285714286,5,0.747679745,3.666666667,4.75,20, ,0, ,20,0,0,0,20,0
10/28/21 15:55,10/28/21 16:03,always adhere to every CDC Covid-19 recommendation at work,to not get sick,to not get others sick, , , , , , , , ,3,maybe doesn't work, , , , , , , , , ,1,0,51,65.66666667,5,4.571428571,3.333333333,0.747679745,4,5,6,0, ,3,6,0,0,3,6,3
10/30/21 10:40,10/30/21 10:56,always adhere to every CDC Covid-19 recommendation at work,protect those I work with from getting sick,ensures that we can all do our jobs if we're not sick,Protects my family and friends., , , , , , , ,4,we're all vaccinated so it's okay to not do all of them,we can collaborate more in close quarters,you can still potentially get sick either way., , , , , , , ,4,9,31,13.66666667,3.333333333,3.142857143,1.666666667,-0.392457344,3.666666667,2.75,10,8,3,3,10,8,3,3,2,0
10/28/21 4:57,10/28/21 5:09,always adhere to every CDC Covid-19 recommendation at work,so I don't get sick,so I don't infect my loved ones,it's good hygiene,can't fully trust others, , , , , , ,4,"I'm fully vaccinated, as are my loved ones",can't always make it to bathroom,I get hot in masks,glasses fog up when wearing masks,workplace isn't crowded for now, , , , , ,4,0,0,58.66666667,5,5,4,0.439557439,5,5,13,10,1,13,13,10,1,13,3,12
10/27/21 12:22,10/27/21 12:35,always adhere to every CDC Covid-19 recommendation at work,I work in music so we don't want our industry shutting down all over again.,Keeping each other and our clients safe.,Some of my coworkers have babies under 1.,Being good citizens.,"Help stop the spread of the virus so we can go back to ""normal"".", , , , , ,4, , , , , , , , , , ,4,5, ,55.33333333,4.666666667,4.428571429,3.666666667,0.747679745,5,4,14, ,1, ,14,0,1,0,14,-1
11/1/21 0:00,11/1/21 0:18,always adhere to every CDC Covid-19 recommendation at work,keep self healthy,keep others healthy, , , , , , , , ,4,I'm done with 6 feet distances,I work in school so not feasible to be 6 ft away,I need breaks to take that mask off because it stops up my nose and I don't get full breaths in,I need physical contact with people: i.e. hugs,my students need that contact as well, , , , , ,4,0,0,21,3.666666667,3.428571429,1.333333333,-2.32491903,3.333333333,3.5,4,15,3,1,4,15,3,1,-11,-2
10/28/21 14:31,10/28/21 14:48,always adhere to every CDC Covid-19 recommendation at work,To protect family and friends,To protect myself,To protect vulnerable community members,To end the pandemic,To be safe,To not get sick,To do my part, , , ,4,I am fully vaccinated and unlikely to spread infection,All of my friends and family are vaccinated,All of my coworkers are fully vaccinated as far as I know, , , , , , , ,2,33,51,59.33333333,5,5,4.333333333,0.439557439,5,5,27,5,7,10,27,5,7,10,22,3
10/31/21 19:06,10/31/21 19:17,always adhere to every CDC Covid-19 recommendation at work,Keep everyone as safe as possible.,"If I don't and I get sick, I have no one to blame but myself.",Keep my family safe., , , , , , , ,4,It's annoying to follow,No one else is following them., , , , , , , , ,4,0,0,69,5,5,5,0.747679745,5,5,10,0,0,8,10,0,0,8,10,8
10/27/21 12:19,10/27/21 12:35,always adhere to every CDC Covid-19 recommendation at work,To not get Covid,To no spread Covid,So my co-workers feel safe around me,So I look responsible in the eyes of the company that I work for., , , , , , ,4,It creates a false sense of security vs Covid,It creates unnecessary actions that won't really help,It aggravates people who think it's anal., , , , , , , ,3,2,3,13,3.333333333,2,2.333333333,-1.936627273,2,2,10,7,7,5,10,7,7,5,3,-2
10/31/21 23:27,10/31/21 23:43,always adhere to every CDC Covid-19 recommendation at work,the recommendations help not get Covid,the CDC know what they are doing., , , , , , , , ,3,I cannot always maintain 6 feet distance between people,other people are not adhering to the guidelines, , , , , , , , ,3,20,10,58.66666667,3.666666667,4.285714286,3.666666667,-0.272597708,4.333333333,4.25,4,5,3,2,4,5,3,2,-1,-1
10/28/21 16:45,10/28/21 16:58,always adhere to every CDC Covid-19 recommendation at work,eliminate the spread of disease,protections from infections,keeping contacts clean,not being exposed to infections, , , , , , ,4, , , , , , , , , , , ,3, ,69,5,5,5,0.747679745,5,5,16, , , ,16,0,0,0,16,0
10/27/21 12:36,10/27/21 12:45,always adhere to every CDC Covid-19 recommendation at work,For your own health,For the health of your family & others, , , , , , , , ,4,Doesn't stop the virus, , , , , , , , , ,3,0,99,69,5,4.714285714,5,0.747679745,5,4.5,8,1, ,1,8,1,0,1,7,1
10/27/21 13:44,10/27/21 13:58,always adhere to every CDC Covid-19 recommendation at work,To protect loved ones,To protect my community,To protect my self., , , , , , , ,4,I may forget,I may be short of time,I might just be too tired., , , , , , , ,4,0,100,69,5,4.714285714,4,0.747679745,5,4.5,9,8,1,10,9,8,1,10,1,9
10/27/21 12:40,10/27/21 13:01,always adhere to every CDC Covid-19 recommendation at work,to protect myself from getting sick,To protect others from getting sick if I should happen to be,to Create a safe work environment,To maintain a worry free work environment, , , , , , ,4,Might not be able to breathe good with a mask covering nose and mouth if you have a labor intensive job, , , , , , , , , ,4,0,75,68.66666667,4,3.571428571,3,0.747679745,3.333333333,3.75,16,3, , ,16,3,0,0,13,0
10/27/21 17:10,10/27/21 17:20,always adhere to every CDC Covid-19 recommendation at work,To avoid getting ill,To avoid getting coworkers ill,To avoid getting the children I work with ill,To avoid missing work,To avoid losing money by missing work,To set a good example,To influence others to do the same,They are good health practices in general,They are good habits to form,To avoid censure,4,Hands dry out from repeat handwashing,Staying six feet apart can feel isolating, , , , , , , , ,4,10,0,58.66666667,5,5,2.666666667,0.547650658,5,5,28,3,3,4,28,3,3,4,25,1
10/27/21 12:20,10/27/21 12:41,always adhere to every CDC Covid-19 recommendation at work,I am less likely to become ill,I am less likely to make others ill,I am less likely to contract diseases unrelated to COVID,I am more likely to set a good example,I am more likely to make patients feel at ease when interacting with me, , , , , ,4,Some of the reasons may be overcautious and unnecessary,I have less ability for meaningful socialization with coworkers,Patients aren't able to see my face and may be alarmed by masks, , , , , , , ,3,0,50,48.33333333,4.333333333,3.714285714,4,0.239528352,4.333333333,3.25,14,3,0,1,14,3,0,1,11,1
10/28/21 7:55,10/28/21 8:44,always adhere to every CDC Covid-19 recommendation at work,avoid getting covid,feel I am protecting other around me,it is expected/required, , , , , , , ,4,mask gets hot,forget to clean hands,forget about social distancing, , , , , , , ,4,14,19,60,4,4,3.333333333,-0.272597708,4,4,6,4,3,4,6,4,3,4,2,1
10/29/21 17:05,10/29/21 17:25,always adhere to every CDC Covid-19 recommendation at work,not spreading germs,respect for other people,safety,cleanliness,killing out the virus,infection, , , , ,4,by yourself, , , , , , , , , ,4,19,62,24.33333333,3,2.857142857,1.333333333,0.747679745,4,2,24,2,10, ,24,2,10,0,22,-10
10/28/21 12:30,10/28/21 12:59,always adhere to every CDC Covid-19 recommendation at work,company policy,others comfort,"my safety, personal opinions aside",doing the right thing,slowing the spread,helping the vulnerable,practicing what I preach, , , ,4,unnecessary with basic hygeine,dont like being mandated what to do,policies written but not adjusted to science,chipping away at rights,overkill, , , , , ,4,85,70,60.33333333,3.666666667,4.571428571,4,-0.872684969,4,5,15,20,8,5,15,20,8,5,-5,-3
10/27/21 13:19,10/27/21 13:31,always adhere to every CDC Covid-19 recommendation at work,safety,health,stay safe,stay healthy, , , , , , ,3,been vaccinated,masks fall down, , , , , , , , ,3,10,10,60.33333333,4,4.571428571,4.333333333,-0.084335037,4,5,12,5, , ,12,5,0,0,7,0
10/28/21 14:11,10/28/21 14:34,always adhere to every CDC Covid-19 recommendation at work, , , , , , , , , , , , , , , , , , , , , , , , ,53.33333333,4.666666667,4.285714286,4.333333333,0.423816357,4.333333333,4.25, , , , ,0,0,0,0,0,0
10/27/21 12:26,10/27/21 12:46,always adhere to every CDC Covid-19 recommendation at work,To protect myself.,To protect my co-workers.,To make sure I don't bring sickness to my family., , , , , , , ,4, , , , , , , , , , ,4,0, ,67.33333333,5,4.428571429,5,0.747679745,4.666666667,4.25,12, ,0, ,12,0,0,0,12,0
10/27/21 14:38,10/27/21 14:59,always adhere to every CDC Covid-19 recommendation at work,to avoid catching covid19/delta/?myself,to keep my coworkers safe/safer,so I do not infect other people in my household,to protect my elderly Mother,to stop the spread of the virus, , , , , ,4, , , , , , , , , , , ,0, ,69,5,4.142857143,3.333333333,0.747679745,5,3.5,18, , , ,18,0,0,0,18,0
10/27/21 12:36,10/27/21 12:55,always adhere to every CDC Covid-19 recommendation at work,to protect my health,to protect the health of my coworkers,to protect the health of our customers,to avoid disciplinary action from the company for failing to do so, , , , , , ,4,It's just not feasible to always maintain a suitable distance from my coworkers as we negotiate cramped areas,we work directly with the public and can't always maintain the proper distance as it's impractical,during time crunches we can't stop to sanitize as much s we would like as it's impractical and would cause a backup of customers, , , , , , , ,4,0,0,57,5,4.142857143,1,0.051265681,3,5,13,6, ,3,13,6,0,3,7,3
10/27/21 14:50,10/27/21 15:05,always adhere to every CDC Covid-19 recommendation at work,to help prevent the spread of covid., , , , , , , , , ,4,It could slow down your productivity, , , , , , , , , ,4,0,0,50.66666667,4.333333333,4.714285714,2,-0.068593955,5,4.5,4,1, , ,4,1,0,0,3,0
10/27/21 18:01,10/27/21 18:15,always adhere to every CDC Covid-19 recommendation at work,to keep safe,my wife has cancer and is at high risk,it is not inconvenient, , , , , , , ,3,people in power do not follow their own rules re Covid,it is not clear what works and doesn't work,"rules a re always changing, the definiation of fully vaccinated now means three shots", , , , , , , ,2,5,9,44.33333333,4,3.714285714,3.333333333,-0.084335037,3.666666667,3.75,8,7,2,5,8,7,2,5,1,3
10/27/21 12:31,10/27/21 12:42,always adhere to every CDC Covid-19 recommendation at work,Washing hands is good practice,disinfecting surfaces is good because many people practice poor hygiene.  A shocking amount of people do not hand wash after using the restroom.,Being vaccinated is just smart., , , , , , , ,4,The mask mandates are silly.,The social distancing mandates are silly., , , , , , , , ,4,0,0,13.33333333,3.333333333,2.428571429,1,-1.10461249,3,2,12,6,0,0,12,6,0,0,6,0
10/27/21 12:27,10/27/21 12:36,always adhere to every CDC Covid-19 recommendation at work,I don't want to get fired,I don't want to get COVID,I want to demonstrate to others they should follow the rules,I want to make my workplace safe,I don't want to get in trouble, , , , , ,4,Wearing a mask for an 8-hour shift sucks,My ears get tired wearing a mask,It is hard to work with students while having to stay six feet apart from them, , , , , , , ,3,5,51,63.66666667,4,5,3.333333333,0.439557439,5,5,13,5,3,8,13,5,3,8,8,5
10/27/21 12:38,10/27/21 12:47,always adhere to every CDC Covid-19 recommendation at work,To avoid getting sick,Avoid getting my co-workers sick,It's company policy,Do not want to miss work, , , , , , ,4, , , , , , , , , , ,4,0, ,69,5,5,5,0.747679745,5,5,12, , , ,12,0,0,0,12,0
10/27/21 18:39,10/27/21 18:48,always adhere to every CDC Covid-19 recommendation at work,Keep from getting sick,Keep from spreading virus, , , , , , , , ,4,Getting tired of it,Other people not being compliant, , , , , , , , ,4,0,50,67.33333333,5,4.714285714,5,0.747679745,5,4.5,8,0, ,8,8,0,0,8,8,8
10/29/21 18:30,10/29/21 18:41,always adhere to every CDC Covid-19 recommendation at work,Safety of others,Protect myself,Stop panic,Maintain civil order, , , , , , ,3, , , , , , , , , , ,4,14, ,56,4.333333333,4.428571429,4.666666667,0.747679745,4.333333333,4.5,10, ,0, ,10,0,0,0,10,0
10/27/21 12:55,10/27/21 13:05,always adhere to every CDC Covid-19 recommendation at work,keeps me safe,protects coworkers,stops spread of germs, , , , , , , ,4,I am vaccinated, wearing a mask doesn't prevent the spread,social distancing doesn't always work, , , , , , , ,3,2,13,65.66666667,5,5,5,0.747679745,5,5,12,2,0,7,12,2,0,7,10,7
10/27/21 14:25,10/27/21 14:37,always adhere to every CDC Covid-19 recommendation at work,protect others at work,protect others in home life,protect self, , , , , , , ,4,inconvenient,additional work,don't care about others, , , , , , , ,3,0,0,69,5,4.571428571,3.666666667,0.747679745,4,5,8,0,1,2,8,0,1,2,8,1
10/27/21 12:20,10/27/21 12:30,always adhere to every CDC Covid-19 recommendation at work,staying healthy,protect coworkers,avoid injury,protect customers, , , , , , ,3,inconveniant,don't actually work,false sense of security,already had it, , , , , , ,4,2,0,5.666666667,1.666666667,3.428571429,1,-2.956904726,3.333333333,3.5,4,14,2,0,4,14,2,0,-10,-2
10/30/21 13:40,10/30/21 13:52,always adhere to every CDC Covid-19 recommendation at work,Staying Healthy,Keeping others healthy,Following Rules, , , , , , , ,4,Difficult to hear,Hard to work as a team,Inconvenient, , , , , , , ,4,0,0,51,3.333333333,3.285714286,2.666666667,-0.272597708,3,3.5,8,2,4,3,8,2,4,3,6,-1
10/27/21 12:26,10/27/21 14:32,always adhere to every CDC Covid-19 recommendation at work,Decreasing risk of my own Covid exposure.,Decreasing possibility of spreading Covid if I am positive but asymptomatic.,Decrease chances of missing work due to illness.,Decrease chances of passing work-acquired Covid virus to my family members.,Decreased risk of infection from other bacteria/viruses due to more stringent infection control practices., , , , , ,3,Inconvenient,Time-consuming,Slightly difficult to incorporate infection control measures into daily routine., , , , , , , ,2,25,20,62,5,5,3,-0.084335037,5,5,12,3,2,9,12,3,2,9,9,7
10/27/21 18:58,10/27/21 19:32,always adhere to every CDC Covid-19 recommendation at work,Because the recommendations are made by the people that know what they're talking about.,"For my sake (even though I'm vaccinated, I don't want to feel ill and especially not to have the side-effects).",For my family's sake (i.e. to spread it to them).,For society's sake (to spread it to others and perpetuate the pandemic even more).,The recommendations are simple and easy.,To set a good example for others.,"Because if anyone at work get infected, it will shut down the facility for a while.", , , ,4,We are (mostly) only associating with ourselves and so aren't exposed much to outsiders.,Washing hands that frequently dries them out and they crack and bleed.,"Since we're all trapped in the same room with each other for eight hours a day, how effective are any of these measures anyway?",We are very nearly 100% vaccinated in my work center (23 of 24).,"The measures, especially when taken as a whole, are inconvenient.", , , , , ,3,0,0,52,5,4.571428571,4.666666667,0.747679745,5,4.25,23,4,1,19,23,4,1,19,19,18
10/28/21 22:02,10/28/21 22:09,always adhere to every CDC Covid-19 recommendation at work,Protect myself,protect others, , , , , , , , ,4,limit freedom,uncomfortable,no evidence these actually help, , , , , , , ,4,0,10,0.333333333,1,2.142857143,1,0.747679745,3.666666667,1,7,6,7,2,7,6,7,2,1,-5
10/27/21 23:43,10/27/21 23:53,always adhere to every CDC Covid-19 recommendation at work,Protection for myself and others,Protection for my unvaccinated 18 month old,Protection for my pregnant wife,Avoid becoming immunocompromised, , , , , , ,4,Inconvenience,"""Fed up"" with the pandemic",Laziness, , , , , , , ,2,0,0,63,4,4.571428571,2.666666667,0.747679745,4,5,12,0,0,1,12,0,0,1,12,1
10/27/21 12:20,10/27/21 12:27,always adhere to every CDC Covid-19 recommendation at work,my own safety,the safety of others,so that office doesnt get shut down, , , , , , , ,4,the CDC doesnt know whats best, , , , , , , , , ,2,10,3,55,3,3,3,-0.472626795,3,3,9,0,3,0,9,0,3,0,9,-3
10/27/21 12:50,10/27/21 13:02,always adhere to every CDC Covid-19 recommendation at work,Health,Safety,Consideration, , , , , , , ,4,Vaccines,Tedious, , , , , , , , ,3,27,23,55,4,4.428571429,4,-0.084335037,4.333333333,4.5,9,4, ,4,9,4,0,4,5,4
10/29/21 11:01,10/29/21 11:34,always adhere to every CDC Covid-19 recommendation at work,protect my health,keep my coworkers healthy, , , , , , , , ,4, , , , , , , , , , ,3,50, ,69,5,5,4.333333333,0.747679745,5,5,7, , , ,7,0,0,0,7,0
10/29/21 22:26,10/29/21 22:35,always adhere to every CDC Covid-19 recommendation at work,For my own safety,For the safety of others,To keep my job, , , , , , , ,4,It is really easy to not notice when you're doing the smaller actions,Burnout, , , , , , , , ,4,0,0,59,5,4.857142857,4.666666667,0.439557439,4.666666667,5,10,6, ,1,10,6,0,1,4,1
10/29/21 16:42,10/29/21 16:51,always adhere to every CDC Covid-19 recommendation at work,Safety,My life,Others,Integrity, , , , , , ,4, , , , , , , , , , ,4,11, ,69,3.666666667,4.285714286,3.666666667,0.547650658,4,4.5,12, ,0, ,12,0,0,0,12,0
10/27/21 14:26,10/27/21 14:35,always adhere to every CDC Covid-19 recommendation at work,Stay healthy,Keep others healthy,Follow rules, , , , , , , ,4,Vaccines arent safe, , , , , , , , , ,4,93,45,66.66666667,5,4.714285714,4.333333333,-0.904583403,4.333333333,5,10,1,2, ,10,1,2,0,9,-2
10/27/21 13:35,10/27/21 14:00,always adhere to every CDC Covid-19 recommendation at work,No sickness,So i dont help spread the sickness,Make other feel comfortable, , , , , , , ,2,To much effort,Masks makes breathing uncomfortable, , , , , , , , ,1,6,59,25,3.333333333,4.285714286,3.333333333,-0.084335037,5,3.75,6,6,2,2,6,6,2,2,0,0
10/27/21 13:25,10/27/21 13:38,always adhere to every CDC Covid-19 recommendation at work,mitigate the spread of covid,make others feel safe,keep from getting yelled at,keep from getting fired, , , , , , ,3,pain in the butt,don't think it helps,I'm fully vaccinated,don't care if I get sick, , , , , , ,4,0,0,7,3,2.714285714,1,-0.737084251,2,3.25,10,11,3,0,10,11,3,0,-1,-3
10/27/21 15:10,10/27/21 15:27,always adhere to every CDC Covid-19 recommendation at work,avoid getting sick,avoid passing on an illness to others,avoid leaving a contaminated area that could impact someone else,to stop the spread,to assist in bringing about the end of the pandemic, , , , , ,4,I am unable to do so,I am around my family, , , , , , , , ,3,50,90,67.33333333,5,4.857142857,4.333333333,0.747679745,4.666666667,5,15,2,4,5,15,2,4,5,13,1
10/27/21 13:17,10/27/21 13:50,always adhere to every CDC Covid-19 recommendation at work,I work closely with a largely older population and I want them to be safe.,I have family members who are vulnerable and want to best protect them.,I would be incredibly upset if someone got sick or even died because of me.,"I want the best for others and myself, so safety for all is important.",The necessary steps to protect others from Covid are very simple.,"I would alos like to be safe, so doing these steps protects me from harm.", , , , ,4,These do become a hassle if you are busy.,"Some people just don't do it, which can cause me stress and frustration.","Other may not necessarily wish for my best interests, which can become infuriating.",Having all these measures of protection can get cumbersome., , , , , , ,3,55,15,69,5,5,5,0.747679745,5,5,21,4,2,7,21,4,2,7,17,5
10/27/21 12:19,10/27/21 17:40,always adhere to every CDC Covid-19 recommendation at work,Stay home if your sick,Wear a face mask if around other people,wash hands,get vaccinated if that is what you believe, , , , , , , ,can't breathe in a face mask,Not enough research on the vaccine,I don't have time to take off of work, , , , , , , ,3,5,10,11,2.666666667,3,1,-1.10461249,2.333333333,3.5,13,4,6,2,13,4,6,2,9,-4
10/28/21 1:40,10/28/21 2:29,always adhere to every CDC Covid-19 recommendation at work, , , , , , , , , , , , , , , , , , , , , , , , ,67.33333333,4.333333333,3,3.666666667,-0.392457344,3,3, , , , ,0,0,0,0,0,0
10/28/21 16:10,10/28/21 16:24,always adhere to every CDC Covid-19 recommendation at work,To maintain a safe workplace for myself and others.,To try to ensure that transmission of Covid is as low as possible.,To keep myself and the people I care about safe from catching covid.,It's the smart thing to do to keep my workplace safe., , , , , , ,4, , , , , , , , , , , ,0, ,63.66666667,5,4.857142857,4,0.547650658,5,4.75,13, , , ,13,0,0,0,13,0
10/27/21 12:20,10/27/21 12:34,always adhere to every CDC Covid-19 recommendation at work,workplace rules,personal health,co-worker health,customer health, , , , , , ,3,low risk,convenience,personal freedom, , , , , , , ,4,0,0,14,2,2.428571429,3,-2.13665636,2.333333333,2.5,6,9,9,5,6,9,9,5,-3,-4
10/27/21 12:59,10/27/21 13:11,always adhere to every CDC Covid-19 recommendation at work,keep myself healthy,keep my co-workers healthy,comply with cdc standards,to contain Covid virus from spreading, , , , , , , , , , , , , , , , , ,4,0, ,59,4,4.714285714,2.333333333,0.747679745,4.333333333,5,16, ,4, ,16,0,4,0,16,-4
10/27/21 13:06,10/27/21 13:20,always adhere to every CDC Covid-19 recommendation at work,not getting sick,not spreading sickness, , , , , , , , ,2,masks don't fully protect against Covid,vaccines don't fully protect against Covid,masks can do more harm than good,masks are uncomfortable,can't force someone to get vaccinated, , , , , ,4,50,20,3.666666667,2,2,2,-2.956904726,2,2,2,15,5,12,2,15,5,12,-13,7
10/27/21 21:02,10/27/21 21:30,always adhere to every CDC Covid-19 recommendation at work,It protects my community,I don’t carry Covid to my family,Covid can’t mutate in me,My coworkers don’t get sick, , , , , , ,4,Sometimes my glasses fog when I breathe out with my mask, , , , , , , , , ,1,20,5,69,5,5,4.333333333,0.747679745,5,5,10,0,0,4,10,0,0,4,10,4
10/27/21 12:32,10/27/21 12:51,always adhere to every CDC Covid-19 recommendation at work,protecting myself,good appearance,following rules,staying healthy,protecting others, , , , , ,4,tired of not getting fresh air,someone not being able to hear me with mask,assessing people closer than 15 feet., , , , , , , ,4,58,33,50,3,3.714285714,2,0.547650658,3,4.25,16,11,5,3,16,11,5,3,5,-2
10/27/21 16:38,10/27/21 16:51,always adhere to every CDC Covid-19 recommendation at work,don't want to jeopardize anyone health,don't want to get sick,want to stop the spread of the virus, , , , , , , ,4, , , , , , , , , , ,2,2, ,69,5,4.571428571,4,-0.084335037,4,5,10, ,1, ,10,0,1,0,10,-1
10/27/21 12:31,10/27/21 12:51,always adhere to every CDC Covid-19 recommendation at work,my safety,others safety,my comfort,others comfort, , , , , , ,4,time consuming,repetitive,wasteful, , , , , , , ,4,51,50,27.33333333,2.333333333,2.571428571,2.333333333,-1.10461249,2,3,12,5,1,5,12,5,1,5,7,4
10/27/21 20:34,10/27/21 20:50,always adhere to every CDC Covid-19 recommendation at work,keep myself healthy,keep others safe,less time missed from work, , , , , , , ,4,hard to breathe,unsafe vaccine, , , , , , , , ,3,20,59,54.33333333,4,3.857142857,2.333333333,-0.272597708,2.333333333,5,11,2, ,1,11,2,0,1,9,1
10/29/21 19:10,10/29/21 19:29,always adhere to every CDC Covid-19 recommendation at work,keeping my family safe,keeping myself safe,keeping my co-workers safe,not making my life any more difficult than it already is,believing in the science behind safety precautions, , , , , ,4,it's inconvenient,it's uncomfortable, , , , , , , , ,1,0,0,35.66666667,5,5,4,0.747679745,5,5,15,0, ,8,15,0,0,8,15,8
10/27/21 21:37,10/27/21 21:55,always adhering to every Covid-19 recommendation from the Centers for Disease Control and Prevention (CDC),It prevents the spread of Covid-19,It prevents productivity lost from being sick,It prevents infecting our customers,It prevents use of resources for recuperating from covid such as financially for medications/hospitalizations, , , , , , ,4,It makes work inefficient,There is less face to face communication,It's more difficult to collaborate at work, , , , , , , ,4,5,5,52,4,5,2.666666667,-0.084335037,5,5,14,2,1,2,14,2,1,2,12,1
10/29/21 17:29,10/29/21 17:45,always adhere to every CDC Covid-19 recommendation at work,to keep myself safe and healthy,to keep my loved ones safe and healthy,to keep my colleagues safe and healthy,to set a good example for others to follow,"because they're the rules, and I follow reasonable rules",to limit time off work due to illness,to increase trust among colleagues, , , , ,it takes a lot of effort to follow all of the rules,it doesn't always seem necessary to follow all of the rules,it's a pain to wear a mask all of the time,it seems dumb to follow the rules myself when not everyone else is complying,"if someone gets sick, we might all get sent home to work, and I prefer working from home", , , , , ,3,0,0,69,5,4.857142857,2,0.547650658,5,4.75,18,7,5,8,18,7,5,8,11,3
10/27/21 17:05,10/27/21 17:19,always adhere to every CDC Covid-19 recommendation at work,I don't want to catch covid,"I don't want to pass along to virus to family, friends and colleagues.",I want to remain healthy so I don't miss work., , , , , , , ,4,it is inconvenient,I'm vaccinated so I can cut corners here and there., , , , , , , , ,3,0,26,58,5,4.571428571,4.333333333,-0.084335037,4.666666667,4.5,8,4,1,3,8,4,1,3,4,2
10/27/21 20:41,10/27/21 21:01,always adhere to every CDC Covid-19 recommendation at work,I want to protect others from covid 19,I want this pandemic to end,I want to protect myself from covid 19,I trust the science from the CDC, , , , , , ,4, , , , , , , , , , ,4,0, ,68.66666667,5,4.428571429,5,0.747679745,5,4,14, ,0, ,14,0,0,0,14,0
10/27/21 12:28,10/27/21 12:38,always adhere to every CDC Covid-19 recommendation at work,prevent spread of covid,cdc knows better than i do,decrease risk to coworkers, , , , , , , ,4,personal choice,"if vaccinated, low risk of spread",ear pain from masks, , , , , , , ,4,0,0,69,5,4.571428571,4.666666667,0.547650658,4,5,11,6,2,2,11,6,2,2,5,0
10/27/21 12:51,10/27/21 13:11,always adhere to every CDC Covid-19 recommendation at work,to stop the spread,to not get infected, , , , , , , , ,4,not sure if vaccine is safe, , , , , , , , , ,3,60,80,38,4,3.428571429,4,-0.780749101,4,3,7,3,4,2,7,3,4,2,4,-2
10/27/21 13:25,10/27/21 13:51,always adhere to every CDC Covid-19 recommendation at work,To limit my exposure to COVID-19,To decrease the risk of spreading COVID-19 to someone else in my office,To limit my exposure to the flu,To decrease the risk of spreading the flu to someone else in my office,To limit the spread of other illnesses within our office,Because it's good to model these behaviors in front of others so they do them too,As a courtesy to others so they feel safe, , , ,4,I don't believe every recommendation is 100% necessary,I work with a very small number of people who are all fully vaccinated so I believe our risks are low,"Sometimes I need to get within 6 feet of someone, such as when showing them something on the computer", , , , , , , ,3,20,30,58.66666667,5,4.428571429,4,-0.084335037,5,4,15,5,3,4,15,5,3,4,10,1
10/27/21 13:27,10/27/21 14:00,always adhere to every CDC Covid-19 recommendation at work, , , , , , , , , , , ,Vaccine has not been fully vetted,Covid 19 is not generally a severe disease,I live in a small town with very few people, , , , , , , ,4, ,5,10.33333333,1.666666667,1.857142857,1,-2.956904726,3,1, ,10, ,2,0,10,0,2,-10,2
10/27/21 18:25,10/27/21 18:39,always adhere to every CDC Covid-19 recommendation at work,I don't want to get sick,I dont want others to get sick,Set a good example for my students, , , , , , , , ,Masks can be annoying,Its a pain constantly reminding the kids, , , , , , , , ,4,0,0,69,5,5,3,0.747679745,5,5,11,0,1,3,11,0,1,3,11,2
10/27/21 20:44,10/27/21 20:56,always adhere to every CDC Covid-19 recommendation at work,keep coworkers healthy,keep myself healthy,keep customers healthy, , , , , , , ,3,it is inconvientant,it is expensive, , , , , , , , ,3,4,25,51.66666667,1.333333333,4,2.666666667,0.747679745,4,4,8,2, ,8,8,2,0,8,6,8
10/27/21 17:47,10/27/21 17:59,always adhere to every CDC Covid-19 recommendation at work,To avoid being infected with covid,To avoid infecting someone else with covid,To be a good citizen,To help end the pandemic, , , , , , ,4, , , , , , , , , , , ,0, ,69,5,4.428571429,5,0.747679745,5,4,15, , , ,15,0,0,0,15,0
10/27/21 12:54,10/27/21 13:18,always adhere to every CDC Covid-19 recommendation at work,To avoid getting sick.,To avoid passing an illness on to others.,To not bring illness home to my family.,To be able to continue to go to work and provide for my family., , , , , , ,4,Its hard to breathe at times with a mask on,"Its sometimes hard to keep a safe distance from other people, it makes it harder to do the job", , , , , , , , ,4,0,0,64,5,5,3,0.747679745,5,5,16,2, , ,16,2,0,0,14,0
10/29/21 17:57,10/29/21 18:06,always adhere to every CDC Covid-19 recommendation at work,To stay safe,Prevent sickness,Spreading germs,Stay healthy, , , , , , , , , , , , , , , , , ,4,1, ,69,5,5,5,0.747679745,5,5,16, , , ,16,0,0,0,16,0
10/27/21 12:21,10/27/21 12:40,always adhere to every CDC Covid-19 recommendation at work,Helps limit chance of me getting covid,Helps limit change of me giving covid,It's a work requirement,it's good general practices for any disease/flu/cold, , , , , , ,4,Wearing masks gets old after a while,it's hard to not touch your face,it's not easy to always have sanitizer handy, , , , , , , ,4,1,10,58.66666667,4.666666667,4.571428571,3.666666667,-0.084335037,4.666666667,4.5,13,7,1,7,13,7,1,7,6,6
10/28/21 2:30,10/28/21 2:43,always adhere to every CDC Covid-19 recommendation at work,You have a less likely chance of catching Covid-19,You have a less chance of spreading Covid-19,You have a less chance of catching other illnesses, , , , , , , ,4,It makes some tasks harder complete,You have to constantly stop what you are doing to clean,You have to be weary of everyone you see., , , , , , , ,4,20,11,64.66666667,4.333333333,4.571428571,4,0.747679745,4,5,8,2, ,5,8,2,0,5,6,5
10/30/21 15:21,10/30/21 15:42,always adhere to every CDC Covid-19 recommendation at work, , , , , , , , , , ,4,Dont believe the virus is real,Doesn't matter who u are or what u try to do you will get sick,Vaccinated doesnt keep you from the virus or spreading it., , , , , , , ,4, ,0,69,5,4.428571429,5,-1.304641577,5,4, ,9, ,2,0,9,0,2,-9,2
10/27/21 23:27,10/27/21 23:55,always adhere to every CDC Covid-19 recommendation at work,For my own safety,For the safety of my co-workers,So that the business does not have to shut down due to lack of employees contracting Covid,If I contracted Covid I would not be able to meet my financial responsibilities, , , , , , ,4,The face mask is hot and fogs up my safety glasses,It's more work to disinfect my work area before I start working,It's annoying trying to keep six feet of distance between myself and my co-workers,I don't like shots, , , , , , ,4,0,0,65.33333333,5,4.571428571,3.666666667,-0.084335037,4.666666667,4.5,14,6,0,3,14,6,0,3,8,3
10/28/21 9:50,10/28/21 10:01,always adhere to every CDC Covid-19 recommendation at work,to mitigate the spread of COVID to my co-workers and their loved ones., , , , , , , , , ,3,Not sure if wearing maskings are effective., , , , , , , , , ,2,60,81,35.33333333,4,3.142857143,3.333333333,-0.472626795,3.333333333,3,3,1, ,2,3,1,0,2,2,2
10/27/21 14:23,10/27/21 14:34,always adhere to every CDC Covid-19 recommendation at work, , , , , , , , , , , ,Over bearing,Invasive,Forced vaccination is evil,Stops productivity,Doesn’t follow science, , , , , ,4, ,8,0.333333333,1,1,1,-2.956904726,1,1, ,16, ,3,0,16,0,3,-16,3
10/29/21 0:11,10/29/21 0:45,always adhere to every CDC Covid-19 recommendation at work,Safety,Stress management,General cleanliness,Professionalism,Law abiding citizen,It's expected by customers,Lead by example,Keep business open,Wanting pandemic to end,Just doing your job,4,Don't believe covid is real,Believes natural immunity will keep you safe,herd immunity,Goes against basic rights,Don't care,Already got covid,Already got vaccinated,Belief that god has a plan,Just to make people angry for laughs,Anarchy,4,50,50,55.33333333,4.333333333,4,3.333333333,-0.084335037,4,4,30,6,5,19,30,6,5,19,24,14
10/27/21 13:12,10/27/21 13:27,always adhere to every CDC Covid-19 recommendation at work,"They are standard, common-sense recommendations","Scientists, not politicians, determined the recommendations",A pandemic is no time to be anti-intelligence, , , , , , , ,4,The hand and surface washing are not as effective in SARS-Co-V-2,I occasionally forget to mask up when others enter my (secluded) area, , , , , , , , ,4,1,5,58.66666667,5,4.428571429,4,0.747679745,4.666666667,4.25,12,3, ,3,12,3,0,3,9,3
10/31/21 16:54,10/31/21 17:03,always adhere to every CDC Covid-19 recommendation at work,to keep myself from getting sick,to keep others from getting sick,to avoid shut downs,avoiding disruptions to workflow, , , , , , ,4, , , , , , , , , , ,4,15, ,64,5,5,4.666666667,0.747679745,5,5,10, ,2, ,10,0,2,0,10,-2
10/27/21 16:44,10/27/21 16:54,always adhere to every CDC Covid-19 recommendation at work,keep myself and others safe, , , , , , , , , ,4, , , , , , , , , , , ,0, ,69,5,5,3.666666667,0.747679745,5,5,3, , , ,3,0,0,0,3,0
10/27/21 14:39,10/27/21 14:47,always adhere to every CDC Covid-19 recommendation at work,I dont want to get sick,I don't want to get others sick, , , , , , , , ,4,It takes time,Not always possible,Am a chronic face toucher, , , , , , , ,4,0,0,61.66666667,5,4.142857143,4,-0.272597708,5,3.5,8,8,0,4,8,8,0,4,0,4
10/27/21 13:25,10/27/21 13:54,always adhere to every CDC Covid-19 recommendation at work,Avoid death,Avoid sickness,Family safe,Coworkers safe,Keep the business going,Do my part for society,End this pandemic,Learn from others who didn’t listen, , ,4,Tiresome,Inconvenience,Money for supplies,You are assigned a political party with compliance, , , , , , ,4,15,30,62.33333333,5,4.571428571,4,0.747679745,4.666666667,4.5,26,7,8,9,26,7,8,9,19,1
10/30/21 10:53,10/30/21 11:21,always adhere to every CDC Covid-19 recommendation at work,Stay healthy,Not spread Covid-19,To follow guidleines,To protect yourself,To protect others, , , , , ,4,Intereferes with work,Makes doing things harder,Makes you uncomfortable,Different to norm,Keeps people from being close,Loneliness,Isolation,Feels different,Harder to do things, ,4,0,0,60.66666667,5,5,1,0.747679745,5,5,19,22,2,4,19,22,2,4,-3,2
10/27/21 19:15,10/27/21 19:41,always adhere to every CDC Covid-19 recommendation at work,for my health,for my students health,for my coworkers health, , , , , , , ,3,I never get sick,I don't feel it helps, , , , , , , , ,3,0,50,7.333333333,3.333333333,2.142857143,3.666666667,0.239528352,3.666666667,1,11,4, ,3,11,4,0,3,7,3
10/28/21 11:39,10/28/21 11:49,always adhere to every CDC Covid-19 recommendation at work,Be respectful of others,Try to slow/stop the spread of the disease,Protect others in my workplace, , , , , , , ,4,I'm vaccinated and am not worried about catching it,Most of the people in my workplace are vaccinated, , , , , , , , ,2,5,20,62,5,3.714285714,4.333333333,-0.084335037,3,4.25,10,2,1,4,10,2,1,4,8,3
10/31/21 9:30,10/31/21 9:39,always adhere to every CDC Covid-19 recommendation at work,avoid getting sick,avoid getting others sick,don't miss work,having others not miss work, , , , , , ,4, , , , , , , , , , , ,0, ,67,5,5,4.333333333,0.747679745,5,5,14, , , ,14,0,0,0,14,0
10/27/21 12:19,10/27/21 12:28,always adhere to every CDC Covid-19 recommendation at work,stay healthy,keep others healthy,help prevent spread of covid-19, , , , , , , ,4, , , , , , , , , , ,4,0, ,69,5,5,5,0.747679745,5,5,12, ,2, ,12,0,2,0,12,-2
10/27/21 16:50,10/27/21 17:06,always adhere to every CDC Covid-19 recommendation at work,self health and safety,to continue working,my co-workers, , , , , , , ,4, , , , , , , , , , ,4,0, ,69,5,5,5,0.547650658,5,5,12, , , ,12,0,0,0,12,0
10/27/21 13:12,10/27/21 13:41,always adhere to every CDC Covid-19 recommendation at work,I do not want to get sick!,I work around people who have not been vaccinated.,I have to be around people I don't know., , , , , , , ,3,Sometimes it is impossible to stay 6 feet away.,I think masks and hand-washing are more important than disinfecting.,It's impossible to keep frequently touched surfaces disinfected., , , , , , , ,2,0,30,52,4,3.428571429,2.666666667,0.547650658,4,3,7,8,0,3,7,8,0,3,-1,3
10/27/21 12:50,10/27/21 13:06,always adhere to every CDC Covid-19 recommendation at work,To protect your own health,To protect the health of others,Increase overall health practices,Increase trust and support,Prevent death,Lessen the burden on health professionals,Provide customers a sense of security, , , ,4,The hinder communication,Increase in time spent doing hygiene,More water and material consumption,Masks and Ppe are increasing trash,Cost of maintaining COVID precautions, , , , , ,4,63,51,69,5,5,5,-0.580720014,5,5,23,9,1,0,23,9,1,0,14,-1
10/27/21 12:33,10/27/21 13:21,always adhere to every CDC Covid-19 recommendation at work,Because I want to ensure that I do not get sick.,To ensure that others also don't get sick.,So that I won't be labeled as an outsider., , , , , , , ,3,I may not entirely agree with the CDC.,There is too much misinformation and disinformation out there.,"The mainstream media uses propaganda to affect change in the world, which has led to the very circumstances that exists for all American citizens today.", , , , , , , ,4,64,79,39.33333333,2.666666667,4,3,-2.32491903,4,4,6,10,3,0,6,10,3,0,-4,-3
10/27/21 12:20,10/27/21 12:32,always adhere to every CDC Covid-19 recommendation at work,To keep myself safe,To keep others safe, , , , , , , , ,4,Sometime I think the mask is unnecessary,Some things I feel are not needed after the vaccine,Can't always be compliant in a work setting, , , , , , , ,3,15,50,48.33333333,5,4,3,0.051265681,4,4,7,6,1,6,7,6,1,6,1,5
10/28/21 15:27,10/28/21 15:43,always adhere to every CDC Covid-19 recommendation at work,to keep others safe,to keep myself safe,following the rules,keeping patrons safe,not getting in trouble, , , , , ,4,arbitrary rules,don't see the need for some,laziness/uncomfortable, , , , , , , ,3,15,40,51.66666667,4.666666667,4.142857143,3.666666667,-0.084335037,3.666666667,4.5,11,6,5,6,11,6,5,6,5,1
10/27/21 12:46,10/27/21 13:06,always adhere to every CDC Covid-19 recommendation at work,To not get fired,So people will not get upset with me,It is mandatory at the office,To reduce rhe risk of getting sick no matter how low it already is, , , , , , ,4,Masks gets in the way,Staying 6 feet apart from co workers is practically impossible since we work in close quarters and teams,Hard to hear people discuss things when far away and wearing masks,I don't trust the vaccine,It lowers team building and unity, , , , , ,4,0,0,32,2.666666667,3.428571429,2.666666667,0.035524599,3.666666667,3.25,12,11,0,4,12,11,0,4,1,4
10/27/21 12:56,10/27/21 13:04,always adhere to every CDC Covid-19 recommendation at work,keep from getting sick,keep from spreading illness, , , , , , , , ,4,masks are annoying,it is hard to socially distance with special ed students, , , , , , , , ,3,10,5,48.33333333,5,5,3,-0.084335037,5,5,6,3,2,3,6,3,2,3,3,1
10/27/21 12:42,10/27/21 12:58,always adhere to every CDC Covid-19 recommendation at work,I do not want to catch COVID,I want to respect the rules set up at work,I want to keep other people safe, , , , , , , ,3, , , , , , , , , , ,4,4, ,62.33333333,4.666666667,5,4,0.747679745,5,5,9, ,0, ,9,0,0,0,9,0
10/27/21 17:34,10/27/21 17:53,always adhere to every CDC Covid-19 recommendation at work,don't want to get sick,respecting the rules,don't want to get in any trouble, , , , , , , ,4,lazy,forget,think I can get away with it, , , , , , , ,4,1,0,55.33333333,5,5,3.333333333,-0.700579651,5,5,10,6,1, ,10,6,1,0,4,-1
10/27/21 16:14,10/27/21 16:25,always adhere to every CDC Covid-19 recommendation at work,To stop the spread of Covid-19., , , , , , , , , ,3,It's inconvenient to always adhere to recommendations., , , , , , , , , ,3,0,0,65.33333333,4.666666667,4.285714286,3.666666667,0.747679745,4,4.5,3,1, , ,3,1,0,0,2,0
10/27/21 12:54,10/27/21 13:13,always adhere to every CDC Covid-19 recommendation at work,To keep from catching Covid,To keep from spreading Covid if I should be a carrier,To keep my employees from getting sick,To keep employees working so our productivity doesn't drop,The company requires it,It's the right thing to do, , , , ,4,There are times that I can't disinfect things as often as I'd like because I'm so busy,There are times when it's impossible to keep the proper distance from others,There are some shared areas / equipment that we sometimes forget to disinfect, , , , , , , ,4,24,24,62,5,4.714285714,2.333333333,-0.084335037,5,4.5,23,7,0,2,23,7,0,2,16,2
10/28/21 0:01,10/28/21 0:14,always adhere to every CDC Covid-19 recommendation at work,to protect family,to protect friends,to protect myself from others,unsure if others around me are vaccinated,to ensure my optimal safety,its the moral thing to do,employer mandate, , , ,4,intrusive,hard to express emotion,hard to communicate effectively,environment seems safe, , , , , , ,4,3,2,69,5,5,4.333333333,0.239528352,5,5,22,8,4,5,22,8,4,5,14,1
10/28/21 18:14,10/28/21 18:33,always adhere to every CDC Covid-19 recommendation at work,it doesn't take that much effort,It might help prevent us from infecting each other,"It looks good to some of our clients, who are sensitive to this issue", , , , , , , ,4,No one wants to be the one to enforce these policies,I simply forget sometimes,I don't really feel at risk so I don't really care that much, , , , , , , ,4,0,0,60.33333333,4,4,4,0.747679745,4,4,7,7,2,5,7,7,2,5,0,3
10/27/21 12:27,10/27/21 12:43,always adhere to every CDC Covid-19 recommendation at work,keep myself safe,keep my co-workers safe,employer policy,cdc recommendation,it's the right thing to do, , , , , ,4, , , , , , , , , , ,4,0, ,55.33333333,5,5,5,0.747679745,5,5,13, , , ,13,0,0,0,13,0
10/29/21 16:42,10/29/21 16:55,always adhere to every CDC Covid-19 recommendation at work,to not infect others,many of the reommendations are good hyge,so that i do not expose myself to covid,also prevent the flu, , , , , , , ,difficult to work in an office and adhere,covid is not deadly to healthy adults, , , , , , , , ,4,19,16,10.66666667,4,1.857142857,1.666666667,-0.872684969,2.666666667,1.25,11,4,2, ,11,4,2,0,7,-2
10/27/21 17:14,10/27/21 17:24,always adhere to every CDC Covid-19 recommendation at work, , , , , , , , , , , ,It's been a year already,contradicting information about what works and doesn't work today,Wash your hands a no brainer,we are adults,we don't need to be told by the government how to live, , , , , ,4, ,3,34.66666667,2.666666667,2.857142857,2.333333333,-2.444778667,2,3.5, ,20, , ,0,20,0,0,-20,0
10/27/21 14:48,10/27/21 15:27,always adhere to every CDC Covid-19 recommendation at work,avoid getting COVID,avoid transmitting COVID to others, , , , , , , , ,4,don't need to adhere to all recommendations,wearing a mask all day is difficult,fully vaccinated now,current COVID cases are declining, , , , , , ,3,5,5,20.33333333,3,2.428571429,4,-1.936627273,3,2,5,14,1,6,5,14,1,6,-9,5
10/31/21 4:17,10/31/21 4:49,always adhere to every CDC Covid-19 recommendation at work,washing my hands throughout the day,distance from others,always wear a mask,quarantine often, , , , , , ,4, , , , , , , , , , ,4,3, ,69,5,5,5,0.747679745,5,5,16, , , ,16,0,0,0,16,0
10/28/21 14:58,10/28/21 15:07,always adhere to every CDC Covid-19 recommendation at work, , , , , , , , , , , , , , , , , , , , , , , , ,52.33333333,4.666666667,4.428571429,5,0.423816357,4.333333333,4.5, , , , ,0,0,0,0,0,0
10/27/21 14:17,10/27/21 14:25,always adhere to every CDC Covid-19 recommendation at work,To keep myself safe.,To keep others safe.,To avoid liability for a lawsuit.,To provide safe accurate care and promote a safe environment., , , , , , ,3,It is annoying at times.,It is tedious and takes a lot of time.,I do not agree with the CDC., , , , , , , ,3,29,32,62.33333333,4.333333333,4.142857143,2.666666667,-0.084335037,4,4.25,14,3,3,2,14,3,3,2,11,-1
10/27/21 21:50,10/27/21 22:21,always adhere to every CDC Covid-19 recommendation at work,avoid spreading virus,avoid catching virus, , , , , , , , ,4,forgetting particular recommendation,mask gets uncomfortable, , , , , , , , ,4,0,0,69,5,5,4,0.359387988,5,5,8,2,0,4,8,2,0,4,6,4
10/27/21 19:38,10/27/21 19:52,always adhere to every CDC Covid-19 recommendation at work,to stay safe,to not get sick,to protect my family,to protect the customers,so i wont miss work,to protect my coworkers, , , , ,4,when getting customers to sign paperwork or to teach them to use new device have to be side by side instead of 6 feet away, , , , , , , , , ,3,0,0,62,5,3.571428571,4.333333333,0.11569405,5,2.5,24,2, ,0,24,2,0,0,22,0
10/29/21 14:15,10/29/21 14:29,always adhere to every CDC Covid-19 recommendation at work,I don’t want to get sick,I don’t want to get anyone else sick, , , , , , , , ,4, , , , , , , , , , ,4,0, ,35.66666667,5,4.857142857,5,0.747679745,5,4.75,8, , , ,8,0,0,0,8,0
10/29/21 23:38,10/29/21 23:46,always adhere to every CDC Covid-19 recommendation at work,I don’t want to get sick,I don’t want to get anyone else sick, , , , , , , , ,4, , , , , , , , , , ,4,0, ,69,5,4.714285714,5,0.747679745,4.666666667,4.75,8, , , ,8,0,0,0,8,0
10/27/21 15:33,10/27/21 15:44,always adhere to every CDC Covid-19 recommendation at work,To avoid getting covid,To keep family from catching Covid,To keep friends from getting it,To help not spread covid, , , , , , ,4,The masks are uncomfortable,Sometimes sanitizer is unavailable, , , , , , , , ,4,18,22,9.666666667,3.333333333,2.142857143,2.333333333,-0.796490184,2.333333333,2,9,2,12,6,9,2,12,6,7,-6
10/27/21 23:47,10/28/21 0:03,always adhere to every CDC Covid-19 recommendation at work,To stay healthy,To not spread COVID unknowingly to others,Courteous,To protect your loved ones, , , , , , ,4,Takes extra time,Inconvenient, , , , , , , , ,2,5,10,66.66666667,4.666666667,3.142857143,4,-0.084335037,4,2.5,12,2,0,1,12,2,0,1,10,1
10/27/21 14:25,10/27/21 14:39,always adhere to every CDC Covid-19 recommendation at work,To protect others.,To make others feel comfortable.,Rules of the company i work for., , , , , , , ,4,do not want to be controlled by govt, , , , , , , , , ,4,0,3,65.66666667,5,4.428571429,5,-0.084335037,5,4,12,1,0,2,12,1,0,2,11,2
10/31/21 9:04,10/31/21 9:23,always adhere to every CDC Covid-19 recommendation at work,in my work I enter medical or clinical locations,such as to not get sick so that I can continue to earn a living,to keep my family safe,some of the clients demand that we follow all COVID-19 protocols, , , , , , ,4, , , , , , , , , , , ,1, ,68.66666667,5,4.714285714,4.666666667,0.747679745,5,4.5,15, ,0, ,15,0,0,0,15,0
10/27/21 12:32,10/27/21 12:44,always adhere to every CDC Covid-19 recommendation at work,To protect others, , , , , , , , , ,4,Some are unnecessary, , , , , , , , , ,3,15,12,10.66666667,3,2.714285714,3.333333333,-1.936627273,3.333333333,2.25,2,3,2, ,2,3,2,0,-1,-2
10/27/21 12:40,10/27/21 13:04,always adhere to every CDC Covid-19 recommendation at work,To keep myself as germ free as possible,To keep from transferring germs to those around me,To help keep the environment comfortable for those present, , , , , , , ,4,To save time,Closeness with others who are friends,Uncomfortable (masks),Hard to break habits (hands around face),Lack of trust in current vaccinations,Uncomfortable with the risk/reward of vaccinations and the 'forced' nature by government, , , , ,4,0,76,0.333333333,3.666666667,2.714285714,1,-1.936627273,3.666666667,2,10,14,1,8,10,14,1,8,-4,7
10/27/21 18:12,10/27/21 18:24,always adhere to every CDC Covid-19 recommendation at work,so you don't get covid,"so that you don't infect anyone, knowingly or not","so that those who cannot be vaccinated are still protected by us, the vaccinated",so you won't have long term health issues, , , , , , ,4,no one else is in the room,"you work by yourself in a large, ventilated area",you are outside, , , , , , , ,4,8,13,63.66666667,4.666666667,2.285714286,4.333333333,0.747679745,4,1,16,9,0,3,16,9,0,3,7,3